{
    "name": "Volume",
    "thumbnail": "volume.png",
    "screenshot": "volume-screenshot.jpg",
    "widgetVersion":2,
    "pageTypes": ["home"],
    "templateType":"standard",
    "versionTenCompatible": 1,
    "images": [
        "images/image-1.jpg",
        "images/logo-default.png",
        "images/gallery/1.jpg",
        "images/gallery/2.jpg"
    ],
    "colorSwatches":
    {
        "Swatch 1": {
            "color1":"#f9f9f9",
            "color2":"#eeeeef",
            "color3":"#979797",
            "color4":"#313131",
            "color5":"#979797",
            "color6":"#313131",
            "color7":"#E0E0E0"
        },
        "Swatch 2": {
            "color1":"#ffffff",
            "color2":"#FE509E",
            "color3":"#ED334D",
            "color4":"#ED334D",
            "color5":"#999999",
            "color6":"#ffffff",
            "color7":"#FFEA95"
        },
        "Swatch 3": {
            "color1":"#ffffff",
            "color2":"#FD7553",
            "color3":"#ED334D",
            "color4":"#ED334D",
            "color5":"#999999",
            "color6":"#ffffff",
            "color7":"#FFEA95"
        },
        "Swatch 4": {
            "color1":"#ffffff",
            "color2":"#5CD8BD",
            "color3":"#ED334D",
            "color4":"#ED334D",
            "color5":"#999999",
            "color6":"#ffffff",
            "color7":"#FFEA95"
        },
        "Swatch 5": {
            "color1":"#ffffff",
            "color2":"#000000",
            "color3":"#ED334D",
            "color4":"#ED334D",
            "color5":"#999999",
            "color6":"#ffffff",
            "color7":"#FFEA95"
        }
    },
    "fontSwatch": {
       "title": "Work Sans",
        "font1": {
            "font-family": "\"Work Sans\", Geneva, Tahoma, sans-serif",
            "font-size": "50px",
            "font-weight": "300",
            "line-height": "58px",
            "color": "@color-swatch4",
            "letter-spacing": "0px"
        },
        "font2": {
            "font-family": "\"Work Sans\", Geneva, Tahoma, sans-serif",
            "font-size": "36px",
            "font-weight": "300",
            "line-height": "48px",
            "color": "@color-swatch4",
            "letter-spacing": "0px"
        },
        "font3": {
            "font-family": "\"Work Sans\", Geneva, Tahoma, sans-serif",
            "font-size": "30px",
            "font-weight": "300",
            "line-height": "42px",
            "color": "@color-swatch4",
            "letter-spacing": "0px"
        },
        "font4": {
            "font-family": "\"Work Sans\", Geneva, Tahoma, sans-serif",
            "font-size": "26px",
            "font-weight": "300",
            "line-height": "36px",
            "color": "@color-swatch4",
            "letter-spacing": "0px"
        },
        "font5": {
            "font-family": "\"Ubuntu\", Candara, Futura, sans-serif",
            "font-size": "24px",
            "font-weight": "300",
            "line-height": "40px",
            "color": "@color-swatch5",
            "letter-spacing": "0px"
        },
        "font6": {
            "font-family": "\"Work Sans\", Geneva, Tahoma, sans-serif",
            "font-size": "24px",
            "font-weight": "300",
            "line-height": "38px",
            "color": "@color-swatch6",
            "color-hover": "@color-swatch7",
            "letter-spacing": "0px",
            "background-color": "@color-swatch1",
            "background-color-hover": "@color-swatch1"
         },
        "font7": {
            "font-family": "\"Work Sans\", Geneva, Tahoma, sans-serif",
            "font-size": "22px",
            "font-weight": "300",
            "line-height": "30px",
            "color": "@color-swatch4",
            "letter-spacing": "0px",
            "background-color": "lighten(@color-swatch4,20%)",
            "background-color-hover": "@color-swatch4"
        },
        "font8": {
            "font-family": "\"Work Sans\", Geneva, Tahoma, sans-serif",
            "font-size": "50px",
            "font-weight": "300",
            "line-height": "60px",
            "color": "@color-swatch4",
            "letter-spacing": "0px"
        },
        "font9": {
            "font-family": "\"Ubuntu\", Candara, Futura, sans-serif",
            "font-size": "18px",
            "font-weight": "300",
            "line-height": "28px",
            "color": "lighten(@color-swatch4,20%)",
            "letter-spacing": "0px"
        },
        "font10": {
            "font-family": "\"Work Sans\", Geneva, Tahoma, sans-serif",
            "font-size": "30px",
            "font-weight": "300",
            "line-height": "40px",
            "color": "@color-swatch6",
            "letter-spacing": "0px"
        }
    },
    "styles": {
        "colors": {
            "color__primary": "@color-swatch4",
            "color__secondary": "@color-swatch7"
        },
        "site": {
            "color__body--background": "#F5F5F5",
            "color__link--text": "@color-swatch3",
            "color__companyname--text": "#fff",
            "font__companyname--font-family": "@font-swatch10-font-family",
            "font__companyname--font-size": "@font-swatch10-font-size",
            "font__companyname--font-weight": "@font-swatch10-font-weight",
            "font__companyname--line-height": "@font-swatch10-line-height",
            "font__companyname--letter-spacing": "@font-swatch10-letter-spacing"
        },
        "footer": {
            "color__footer--background": "#efefef"
        },
        "typography": {
            "color__h1--text": "@font-swatch1-color",
            "color__h2--text": "@font-swatch2-color",
            "color__h3--text": "@font-swatch3-color",
            "color__h4--text": "@font-swatch4-color",
            "color__p--text": "@font-swatch5-color",
            "font__heading" : "@font-swatch1-font-family",
            "font__body" : "@font-swatch5-font-family",
            "font__h1--font-family" : "@font-swatch1-font-family",
            "font__h1--font-size" : "@font-swatch1-font-size",
            "font__h1--font-weight" : "@font-swatch1-font-weight",
            "font__h1--line-height" : "@font-swatch1-line-height",
            "font__h1--letter-spacing" : "@font-swatch1-letter-spacing",
            "font__h2--font-family" : "@font-swatch2-font-family",
            "font__h2--font-size" : "@font-swatch2-font-size",
            "font__h2--font-weight" : "@font-swatch2-font-weight",
            "font__h2--line-height" : "@font-swatch2-line-height",
            "font__h2--letter-spacing" : "@font-swatch2-letter-spacing",
            "font__h3--font-family" : "@font-swatch3-font-family",
            "font__h3--font-size" : "@font-swatch3-font-size",
            "font__h3--font-weight" : "@font-swatch3-font-weight",
            "font__h3--line-height" : "@font-swatch3-line-height",
            "font__h3--letter-spacing" : "@font-swatch3-letter-spacing",
            "font__h4--font-family" : "@font-swatch4-font-family",
            "font__h4--font-size" : "@font-swatch4-font-size",
            "font__h4--font-weight" : "@font-swatch4-font-weight",
            "font__h4--line-height" : "@font-swatch4-line-height",
            "font__h4--letter-spacing" : "@font-swatch4-letter-spacing",
            "font__p--font-family" : "@font-swatch5-font-family",
            "font__p--font-size" : "@font-swatch5-font-size",
            "font__p--font-weight" : "@font-swatch5-font-weight",
            "font__p--line-height" : "@font-swatch5-line-height",
            "font__p--letter-spacing" : "@font-swatch5-letter-spacing"
        },
        "feature": {
            "color__feature-content--background" : "#d40404",
            "color__feature-headline--text": "#fff",
            "color__feature-strapline--text": "#fff",
            "color__feature-button--text": "#fff",
            "font__feature-headline--font-family" : "@font-swatch8-font-family",
            "font__feature-headline--font-size" : "@font-swatch8-font-size",
            "font__feature-headline--font-weight" : "@font-swatch8-font-weight",
            "font__feature-headline--line-height" : "@font-swatch8-line-height",
            "font__feature-headline--letter-spacing" : "@font-swatch8-letter-spacing",
            "font__feature-strapline--font-family" : "@font-swatch9-font-family",
            "font__feature-strapline--font-size" : "@font-swatch9-font-size",
            "font__feature-strapline--font-weight" : "@font-swatch9-font-weight",
            "font__feature-strapline--line-height" : "@font-swatch9-line-height",
            "font__feature-strapline--letter-spacing" : "@font-swatch9-letter-spacing"
        },
        "navigation": {
            "color__navigation--background" : "#d40404",
            "color__navigation--text": "#fff",
            "color__navigation--text--selected": "@color-swatch3",
            "color__navigation--text--hover": "@color-swatch3",
            "color__navigation-item--background--hover" : "#b90303",
            "font__navigation--font-family": "@font-swatch6-font-family",
            "font__navigation--font-size": "@font-swatch6-font-size",
            "font__navigation--font-weight": "@font-swatch6-font-weight",
            "font__navigation--line-height": "@font-swatch6-line-height",
            "font__navigation--letter-spacing": "@font-swatch6-letter-spacing"
        },
        "button": {
            "color__button--text": "@font-swatch7-color",
            "font__button--font-family": "@font-swatch7-font-family",
            "font__button--font-size": "@font-swatch7-font-size",
            "font__button--font-weight": "@font-swatch7-font-weight",
            "font__button--line-height": "@font-swatch7-line-height",
            "font__button--letter-spacing": "@font-swatch7-letter-spacing"
        },
        "form": {
            "color__form--background" : "#fff",
            "color__form-legend--text" : "@font-swatch4-color"
        },
        "twitter": {
            "color__twitter-account-name--text": "@color-swatch4",
            "color__twitter-tweet--text": "@color-swatch4",
            "color__twitter-item--background" : "#fff"
        },
        "socialicons": {
            "color__socialicons--icon": "@color-swatch4",
            "color__socialicons--text": "@color-swatch4"
        },
        "gallery": {
            "color__gallery-caption--background": "fade(@color-swatch4,50%)",
            "color__gallery-title--text": "@color-swatch1",
            "color__gallery-description--text": "@color-swatch1"
        },
        "slideshow": {
            "color__slideshow-caption--background":  "fade(@color-swatch4,50%)",
            "color__slideshow-title--text": "@color-swatch1",
            "color__slideshow-description--text": "@color-swatch1"
        },
        "blog": {
            "color__blogsearch-legend--text" : "@color__form-legend--text",
            "color__blogpost-article--background" : "#fff",
            "color__blogpost-title--text" : "@color__h3--text",
            "color__blogpostlist-title--text" : "@color__h3--text",
            "color__blogpostlist-article--background" : "transparent"
        },
        "ecommerce": {
            "color__ecomproduct-title--text": "@color-swatch4",
            "color__ecomproduct-price--text": "@color-swatch5",
            "color__ecomproductslist-product-title--text" : "@color-swatch4"
        }
    }
}
